{
  "providers": [
    {
      "type": "bitmap",
      "file": "minecraft:custom/dw_sb_small.png",
      "ascent": 8,
      "height": 10,
      "chars": [
        ""
      ]
    },
    {
      "type": "bitmap",
      "file": "minecraft:custom/dw_sb_med.png",
      "ascent": 12,
      "height": 16,
      "chars": [
        ""
      ]
    },
    {
      "type": "bitmap",
      "file": "minecraft:custom/dw_sb_large.png",
      "ascent": 18,
      "height": 24,
      "chars": [
        ""
      ]
    }
  ]
}